class_id,class_name,count,weight
0,Sleep,967,1.6354705274043433
1,Low Power,1885,0.8389920424403183
2,Balanced,1774,0.8914881623449831
3,Performance,1700,0.9302941176470588
